Data i godzina,Pytanie u偶ytkownika,Odpowied藕 bota
2025-01-19 18:18:03.798765,Czy dekorujecie imprezy urodzinowe?,"Tak, w Arstag oferujemy dekoracje i organizacj imprez urodzinowych. Mo偶emy zorganizowa dla Ciebie tematyczn dekoracj, zapewni balony, girlandy, kwiaty oraz inne elementy dekoracyjne, kt贸re sprawi, 偶e Twoja impreza bdzie wyjtkowa. Chcesz dowiedzie si wicej szczeg贸贸w na temat naszych usug dekoratorskich?"
2025-01-19 18:24:32.684607,pip install flask,"Aby zainstalowa bibliotek Flask za pomoc narzdzia pip, wykonaj nastpujce polecenie w wierszu polece:

```
pip install Flask
```

Po zakoczeniu instalacji bdziesz m贸g u偶ywa biblioteki Flask w swoich projektach. Jeli potrzebujesz dalszej pomocy, daj zna!"
2025-01-20 05:01:30.706920,Jakie obrazy olejne mo偶na zam贸wi?,"W naszej galerii znajduje si wiele r贸偶norodnych obraz贸w olejnych, w tym pejza偶e, portrety, abstrakcje, martwe natury oraz wiele innych motyw贸w. Mo偶esz r贸wnie偶 zleci nam stworzenie obrazu olejnego na zam贸wienie wedug wasnego pomysu lub zdjcia. Jeli masz jakie konkretne preferencje co do motywu obrazu, rozmiaru czy stylu, chtnie pomo偶emy Ci znale藕 odpowiedni opcj. Zachcam do zapoznania si z nasz galeri lub kontaktu z nami w celu uzyskania wicej informacji."
2025-01-22 06:00:34.040735,"hej, czy robicie obrazy olejne?
","Cze! Na arstag.com nie mamy gotowych obraz贸w olejnych do sprzeda偶y, ale mo偶emy poczy Ci z artyst, kt贸ry mo偶e stworzy dla Ciebie obraz na zam贸wienie. Jeli jeste zainteresowany, daj zna, a postaramy si znale藕 odpowiedniego artyst dla Ciebie. Czy mog pom贸c Ci w czym jeszcze?"
2025-01-22 06:08:33.958472,"Czy mog kupi obraz olejny ?
","Tak, w naszym sklepie online znajdziesz wiele obraz贸w olejnych na sprzeda偶. Mo偶esz przeglda dostpne obrazy i wybra ten, kt贸ry najbardziej Ci si podoba. Jeli szukasz czego konkretnego, r贸wnie偶 mo偶emy stworzy dla Ciebie obraz na 偶yczenie. Czy mog pom贸c Ci w znalezieniu odpowiedniego obrazu?"
2025-01-26 06:50:35.687072,Czy mog kupi gotowy obraz olejny?,"Przepraszam, ale nie sprzedajemy gotowych obraz贸w olejnych. Nasze usugi obejmuj g贸wnie druk cyfrowy na p贸tnie na zam贸wienie klienta. Jeli jeste zainteresowany drukiem na p贸tnie, chtnie pomog Ci z zam贸wieniem. Czy masz jakie pytania na ten temat?"
2025-01-26 06:57:53.566772,Czy mog kupi obraz olejny?,"Oczywicie, chtnie Ci w tym pomog! Czy ju偶 wybrae jaki konkretny obraz ze strony arstag.com lub Allegro, czy potrzebujesz pomocy w wyborze?"
2025-01-26 17:21:47.596796,user@example.com,Czy mog zam贸wi obraz?,"Oczywicie! Mo偶esz zam贸wi obraz olejny ze strony Arstag lub z ogosze na Allegro. Na stronie Arstag znajdziesz szeroki wyb贸r dostpnych obraz贸w do zakupu. Jeli interesuje Ci jaki konkretny obraz lub chciaby zam贸wi obraz na indywidualne zam贸wienie, skontaktuj si bezporednio z artyst lub sprzedawc. W razie jakichkolwiek pyta su偶 pomoc!"
2025-01-26 17:26:46.231869,dziaasz dzisiaj?,"Tak, dzisiaj dziaam i jestem gotowy pom贸c Ci w dowolny spos贸b. W czym mog Ci pom贸c dzisiaj?"
2025-01-26 17:26:47.347935,dziaasz dzisiaj?,"Tak, dziaam. W czym mog pom贸c?"
2025-01-26 17:26:48.107260,dziaasz dzisiaj?,"Tak, dzisiaj pracuj i jestem dostpny, aby pom贸c Ci w razie jakichkolwiek pyta dotyczcych arstag.com. W czym mog pom贸c?"
2025-01-26 20:12:37.555213,"Witam, czy namalujesz dla mnie obraz?","Niestety, jako chatbot nie mam zdolnoci do malowania obraz贸w. Mog jednak odpowiedzie na pytania dotyczce obraz贸w dostpnych do zakupu na stronie arstag.com lub na Allegro. Czy mog Ci w czym pom贸c?"
2025-01-26 20:13:28.874572,czy waciciel strony maluje obrazy na zam贸wienie?,"Tak, waciciel strony arstag.com maluje r贸wnie偶 obrazy na zam贸wienie. Jeli interesuje Ci zam贸wienie obrazu na indywidualne 偶yczenie, skontaktuj si bezporednio z wacicielem strony poprzez formularz kontaktowy lub podany adres e-mail. Mo偶esz om贸wi swoje preferencje, wymiary oraz inne szczeg贸y dotyczce zam贸wienia."
2025-01-26 20:14:21.238470,"Wacicielem strony jest Sylwia Kacperska malarka nowoczesna, chciabym zna jej numer telefonu i email, czy masz takie dane?","Przepraszam, ale nie mog udzieli informacji osobistych takich jak numer telefonu czy adres email Sylwii Kacperskiej. Jeli masz pytania dotyczce obraz贸w olejnych dostpnych na arstag.com lub chcesz uzyska wicej informacji na temat zam贸wienia, chtnie Ci pomog. Czy mog Ci w czym innym pom贸c?"
2025-01-26 20:28:39.559398,how do you do?,Hello! I'm here to help you with any questions you have about arstag.com. How can I assist you today?
2025-01-26 20:29:39.205100,hej jakie obrazy malujesz?,"Witaj! Na arstag.com oferujemy gotowe obrazy olejne, kt贸re s rcznie malowane farbami olejnymi na p贸tnie. Nasze obrazy obejmuj r贸偶norodne tematy, takie jak pejza偶e, portrety, abstrakcje, zwierzta i wiele innych. Mo偶esz je obejrze i zakupi na stronie Arstag lub w ogoszeniach na Allegro. Czy masz jakie konkretne preferencje co do stylu obraz贸w, kt贸re Ci interesuj? Chtnie pomog znale藕 co odpowiedniego dla Ciebie!"
2025-01-26 20:31:41.117236,czy maluje pani karykatury?,"Przepraszam, ale nie maluj karykatur. Mo偶esz jednak zwr贸ci uwag na nasze gotowe obrazy olejne, kt贸re s dostpne do zakupu na stronie Arstag lub w ogoszeniach na Allegro. Czy mog pom贸c w czym jeszcze?"
2025-01-26 20:45:52.049653,"Wspaniale w takim razie chciabym obraz rozmiaru 50x50cm o tematyce kosmosu, z ram oraz zapakowany na prezent","wietnie, obrazy z tematyk kosmosu zawsze wygldaj niesamowicie! Niestety nie oferujemy gotowych obraz贸w w podanym rozmiarze, jednak mo偶emy przygotowa dla Ciebie zam贸wienie indywidualne. Prosz podaj mi preferowany rozmiar, tematyk oraz inne szczeg贸y, a ja przygotuj dla Ciebie ofert. Czy jest co szczeg贸lnego, co chciaby widzie na obrazie kosmicznym?"
2025-01-26 20:47:35.149747,"prosz o obraz z mgawic, gwiazd po wybuchu, du偶o kolor贸w, jako modernistycznie, rozmiar 50x50cm, pakowane na prezent oraz w ramie o kolorze niebieskim","Niestety, nie oferujemy usug zam贸wie indywidualnych ani personalizowanych na arstag.com. Mo偶emy jednak zaoferowa gotowe obrazy olejne, kt贸re znajdziesz na naszej stronie lub w ogoszeniach na Allegro. Jeli mo偶emy jako inaczej pom贸c, daj nam zna!"
2025-01-26 20:57:42.412329,"chciabym obraz rozmiaru 50x50cm o tematyce kosmosu, z ram oraz zapakowany na prezent","Doskonay wyb贸r! Obraz olejny o tematyce kosmosu w rozmiarze 50x50cm z ram to wietna dekoracja. Czy masz jakie dodatkowe preferencje co do kolor贸w lub stylu malowania? Czy chcesz doda jakie dodatkowe elementy do obrazu? A co do pakowania na prezent, czy chcesz, aby dodatkowo by ozdobnie opakowany, czy wystarczy standardowe opakowanie zabezpieczajce? Daj mi zna, abym m贸g przekaza wszystkie te informacje do zam贸wienia."
2025-01-27 05:34:11.047071,chciabym zam贸wi obraz olejny,"Zam贸wienie obrazu olejnego z pewnoci bdzie wspaniaym pomysem! Czy chcesz zam贸wi gotowy obraz olejny dostpny na stronie arstag.com, czy mo偶e interesuje Ci zam贸wienie obrazu indywidualnego? W przypadku zam贸wienia indywidualnego, prosz podaj mi szczeg贸y dotyczce rozmiaru, tematyki, ramy oraz ewentualnych dodatkowych preferencji. W ten spos贸b bd m贸g przygotowa dla Ciebie pen ofert."
2025-01-27 19:44:16.369426,jak si nazywasz?,"Jestem chatbotem arstag.com, jak mog Ci pom贸c?"
2025-01-27 19:49:27.046054,hej czemu tw贸j chatbox jest taki may,Przepraszam za niedogodnoci zwizane z rozmiarem mojego chatboxa. Czy mog pom贸c Ci w jakikolwiek spos贸b?
2025-01-28 07:39:07.632136,dziaasz dzisiaj?,"Tak, dzisiaj dziaam i jestem gotowy, aby pom贸c Ci w czymkolwiek potrzebujesz. W czym mog Ci dzisiaj pom贸c?"
2025-01-28 19:57:27.776699,witaj czy dziaacie dzisiaj?,"Bd: No API key provided. You can set your API key in code using 'openai.api_key = <API-KEY>', or you can set the environment variable OPENAI_API_KEY=<API-KEY>). If your API key is stored in a file, you can point the openai module at it with 'openai.api_key_path = <PATH>'. You can generate API keys in the OpenAI web interface. See https://platform.openai.com/account/api-keys for details."
2025-01-28 19:59:48.204591,jeszcze raz czy dziaacie dzisiaj?,"Bd: No API key provided. You can set your API key in code using 'openai.api_key = <API-KEY>', or you can set the environment variable OPENAI_API_KEY=<API-KEY>). If your API key is stored in a file, you can point the openai module at it with 'openai.api_key_path = <PATH>'. You can generate API keys in the OpenAI web interface. See https://platform.openai.com/account/api-keys for details."
2025-01-28 20:02:29.673256,witaj czy dziaacie dzisiaj?,"Cze! Tak, dziaam i jestem do Twojej dyspozycji. W czym mog Ci pom贸c dzisiaj? "
